{
	"format_version": "1.8.0",
	"animations": {
		"animation.wave": {
			"animation_length": 1,
			"bones": {
				"claw_right": {
					"rotation": {
						"0.0": {
							"vector": [0, 0, 0]
						},
						"0.0417": [-5.41017, 7.21356, 0],
						"0.0833": [-47.08983, 62.78644, 0],
						"0.125": {
							"vector": [-52.5, 70, 0]
						},
						"0.1667": [-55.07627, 70, 0],
						"0.2083": [-74.92373, 70, 0],
						"0.25": {
							"vector": [-77.5, 70, 0]
						},
						"0.2917": [-68.48305, 70, 0],
						"0.3333": [0.98305, 70, 0],
						"0.375": {
							"vector": [10, 70, 0]
						},
						"0.4167": [0.98305, 70, 0],
						"0.4583": [-68.48305, 70, 0],
						"0.5": {
							"vector": [-77.5, 70, 0]
						},
						"0.5417": [-77.5, 70, 0],
						"0.625": {
							"vector": [-77.5, 70, 0]
						},
						"0.6667": [-68.48305, 70, 0],
						"0.7083": [0.98305, 70, 0],
						"0.75": {
							"vector": [10, 70, 0]
						},
						"0.7917": [8.96949, 62.78644, 0],
						"0.8333": [1.03051, 7.21356, 0],
						"0.875": {
							"vector": [0, 0, 0]
						}
					},
					"position": {
						"0.0": {
							"vector": [0, 0, 0]
						},
						"0.0417": [0, 0.30915, 0],
						"0.0833": [0, 2.69085, 0],
						"0.125": {
							"vector": [0, 3, 0]
						},
						"0.1667": [0, 3, 0],
						"0.7083": [0, 3, 0],
						"0.75": {
							"vector": [0, 3, 0]
						},
						"0.7917": [0, 2.69085, 0],
						"0.8333": [0, 0.30915, 0],
						"0.875": {
							"vector": [0, 0, 0]
						}
					}
				}
			}
		},
		"walk": {
			"loop": true,
			"animation_length": 0.5,
			"bones": {
				"legs_left": {
					"rotation": {
						"0.0": {
							"vector": [0, 0, -25]
						},
						"0.0417": [0, 0, -22.00505],
						"0.0833": [0, 0, -13.07821],
						"0.1667": [0, 0, 13.07821],
						"0.2083": [0, 0, 22.00505],
						"0.25": {
							"vector": [0, 0, 25]
						},
						"0.2917": [0, 0, 22.00505],
						"0.3333": [0, 0, 13.07821],
						"0.4167": [0, 0, -13.07821],
						"0.4583": [0, 0, -22.00505],
						"0.5": {
							"vector": [0, 0, -25]
						}
					}
				},
				"legs_right": {
					"rotation": {
						"0.0": {
							"vector": [0, 0, -25]
						},
						"0.0417": [0, 0, -22.00505],
						"0.0833": [0, 0, -13.07821],
						"0.1667": [0, 0, 13.07821],
						"0.2083": [0, 0, 22.00505],
						"0.25": {
							"vector": [0, 0, 25]
						},
						"0.2917": [0, 0, 22.00505],
						"0.3333": [0, 0, 13.07821],
						"0.4167": [0, 0, -13.07821],
						"0.4583": [0, 0, -22.00505],
						"0.5": {
							"vector": [0, 0, -25]
						}
					}
				}
			}
		}
	},
	"geckolib_format_version": 2
}