{
	"format_version": "1.8.0",
	"animations": {
		"wave": {
			"animation_length": 0.75,
			"bones": {
				"claw_right": {
					"rotation": {
						"0.0": {
							"vector": [0, 0, 0]
						},
						"0.0417": [-3.09152, 9.48068, 0],
						"0.0833": [-26.90848, 82.51932, 0],
						"0.125": {
							"vector": [-30, 92, 0]
						},
						"0.1667": [-34.63729, 92, 0],
						"0.2083": [-70.36271, 92, 0],
						"0.25": {
							"vector": [-75, 92, 0]
						},
						"0.2917": [-70.36271, 92, 0],
						"0.3333": [-34.63729, 92, 0],
						"0.375": {
							"vector": [-30, 92, 0]
						},
						"0.4167": [-34.63729, 92, 0],
						"0.4583": [-70.36271, 92, 0],
						"0.5": {
							"vector": [-75, 92, 0]
						},
						"0.5417": [-70.36271, 92, 0],
						"0.5833": [-34.63729, 92, 0],
						"0.625": {
							"vector": [-30, 92, 0]
						},
						"0.6667": [-26.90848, 82.51932, 0],
						"0.7083": [-3.09152, 9.48068, 0],
						"0.75": {
							"vector": [0, 0, 0]
						}
					},
					"position": {
						"0.0": {
							"vector": [0, 0, 0]
						},
						"0.0417": [0, 0.10305, 0],
						"0.0833": [0, 0.89695, 0],
						"0.125": {
							"vector": [0, 1, 0]
						},
						"0.1667": [0, 1, 0],
						"0.625": {
							"vector": [0, 1, 0]
						},
						"0.6667": [0, 0.89695, 0],
						"0.7083": [0, 0.10305, 0],
						"0.75": {
							"vector": [0, 0, 0]
						}
					}
				},
				"legs_left": {
					"rotation": {
						"0.0": {
							"vector": [0, 0, 0]
						},
						"0.0417": [0, 0, -2.8339],
						"0.0833": [0, 0, -24.6661],
						"0.125": {
							"vector": [0, 0, -27.5]
						},
						"0.1667": [0, 0, -27.5],
						"0.625": {
							"vector": [0, 0, -27.5]
						},
						"0.6667": [0, 0, -24.6661],
						"0.7083": [0, 0, -2.8339],
						"0.75": {
							"vector": [0, 0, 0]
						}
					}
				},
				"legs_right": {
					"rotation": {
						"0.0": {
							"vector": [0, 0, 0]
						},
						"0.0417": [0, 0, -3.09152],
						"0.0833": [0, 0, -26.90848],
						"0.125": {
							"vector": [0, 0, -30]
						},
						"0.1667": [0, 0, -30],
						"0.625": {
							"vector": [0, 0, -30]
						},
						"0.6667": [0, 0, -26.90848],
						"0.7083": [0, 0, -3.09152],
						"0.75": {
							"vector": [0, 0, 0]
						}
					},
					"position": {
						"0.0": {
							"vector": [0, 0, 0]
						},
						"0.0417": [0, -0.10305, 0],
						"0.0833": [0, -0.89695, 0],
						"0.125": {
							"vector": [0, -1, 0]
						},
						"0.1667": [0, -1, 0],
						"0.625": {
							"vector": [0, -1, 0]
						},
						"0.6667": [0, -0.89695, 0],
						"0.7083": [0, -0.10305, 0],
						"0.75": {
							"vector": [0, 0, 0]
						}
					}
				},
				"crab": {
					"rotation": {
						"0.0": {
							"vector": [0, 0, 0]
						},
						"0.0417": [0, 0, 1.80339],
						"0.0833": [0, 0, 15.69661],
						"0.125": {
							"vector": [0, 0, 17.5]
						},
						"0.1667": [0, 0, 17.5],
						"0.625": {
							"vector": [0, 0, 17.5]
						},
						"0.6667": [0, 0, 15.69661],
						"0.7083": [0, 0, 1.80339],
						"0.75": {
							"vector": [0, 0, 0]
						}
					},
					"position": {
						"0.0": {
							"vector": [0, 0, 0]
						},
						"0.0417": [-0.05153, 0.05153, 0],
						"0.0833": [-0.44847, 0.44847, 0],
						"0.125": {
							"vector": [-0.5, 0.5, 0]
						},
						"0.1667": [-0.5, 0.5, 0],
						"0.625": {
							"vector": [-0.5, 0.5, 0]
						},
						"0.6667": [-0.44847, 0.44847, 0],
						"0.7083": [-0.05153, 0.05153, 0],
						"0.75": {
							"vector": [0, 0, 0]
						}
					}
				}
			}
		},
		"walk": {
			"loop": true,
			"animation_length": 2.5,
			"bones": {
				"left_front": {
					"rotation": {
						"0.0": {
							"vector": [0, 0, -25]
						},
						"0.0417": [0, 0, -20.94507],
						"0.125": [0, 0, 20.94507],
						"0.1667": {
							"vector": [0, 0, 25]
						},
						"0.2083": [0, 0, 21.57736],
						"0.25": [0, 0, 9.24626],
						"0.2917": [0, 0, -9.24626],
						"0.3333": [0, 0, -21.57736],
						"0.375": {
							"vector": [0, 0, -25]
						},
						"0.4167": [0, 0, -21.57736],
						"0.4583": [0, 0, -9.24626],
						"0.5": [0, 0, 9.24626],
						"0.5417": [0, 0, 21.57736],
						"0.5833": {
							"vector": [0, 0, 25]
						},
						"0.625": [0, 0, 21.57736],
						"0.6667": [0, 0, 9.24626],
						"0.7083": [0, 0, -9.24626],
						"0.75": [0, 0, -21.57736],
						"0.7917": {
							"vector": [0, 0, -25]
						},
						"0.8333": [0, 0, -21.57736],
						"0.875": [0, 0, -9.24626],
						"0.9167": [0, 0, 9.24626],
						"0.9583": [0, 0, 21.57736],
						"1.0": {
							"vector": [0, 0, 25]
						},
						"1.0417": [0, 0, 21.57736],
						"1.0833": [0, 0, 9.24626],
						"1.125": [0, 0, -9.24626],
						"1.1667": [0, 0, -21.57736],
						"1.2083": {
							"vector": [0, 0, -25]
						},
						"1.25": [0, 0, -21.57736],
						"1.2917": [0, 0, -9.24626],
						"1.3333": [0, 0, 9.24626],
						"1.375": [0, 0, 21.57736],
						"1.4167": {
							"vector": [0, 0, 25]
						},
						"1.4583": [0, 0, 21.57736],
						"1.5": [0, 0, 9.24626],
						"1.5417": [0, 0, -9.24626],
						"1.5833": [0, 0, -21.57736],
						"1.625": {
							"vector": [0, 0, -25]
						},
						"1.6667": [0, 0, -21.57736],
						"1.7083": [0, 0, -9.24626],
						"1.75": [0, 0, 9.24626],
						"1.7917": [0, 0, 21.57736],
						"1.8333": {
							"vector": [0, 0, 25]
						},
						"1.875": [0, 0, 21.57736],
						"1.9167": [0, 0, 9.24626],
						"1.9583": [0, 0, -9.24626],
						"2.0": [0, 0, -21.57736],
						"2.0417": {
							"vector": [0, 0, -25]
						},
						"2.0833": [0, 0, -21.57736],
						"2.125": [0, 0, -9.24626],
						"2.1667": [0, 0, 9.24626],
						"2.2083": [0, 0, 21.57736],
						"2.25": {
							"vector": [0, 0, 25]
						},
						"2.2917": [0, 0, 21.57736],
						"2.3333": [0, 0, 9.24626],
						"2.375": [0, 0, -9.24626],
						"2.4167": [0, 0, -21.57736],
						"2.4583": {
							"vector": [0, 0, -25]
						}
					}
				},
				"left_back": {
					"rotation": {
						"0.0": {
							"vector": [0, 0, -25]
						},
						"0.0417": [0, 0, -21.45812],
						"0.0833": [0, 0, -12.32817],
						"0.125": [0, 0, 0.63396],
						"0.1667": [0, 0, 13.42717],
						"0.2083": [0, 0, 22.10073],
						"0.25": {
							"vector": [0, 0, 25]
						},
						"0.2917": [0, 0, 22.00505],
						"0.3333": [0, 0, 13.07821],
						"0.4167": [0, 0, -13.07821],
						"0.4583": [0, 0, -22.00505],
						"0.5": {
							"vector": [0, 0, -25]
						},
						"0.5417": [0, 0, -22.00505],
						"0.5833": [0, 0, -13.07821],
						"0.6667": [0, 0, 13.07821],
						"0.7083": [0, 0, 22.00505],
						"0.75": {
							"vector": [0, 0, 25]
						},
						"0.7917": [0, 0, 22.00505],
						"0.8333": [0, 0, 13.07821],
						"0.9167": [0, 0, -13.07821],
						"0.9583": [0, 0, -22.00505],
						"1.0": {
							"vector": [0, 0, -25]
						},
						"1.0417": [0, 0, -22.00505],
						"1.0833": [0, 0, -13.07821],
						"1.1667": [0, 0, 13.07821],
						"1.2083": [0, 0, 22.00505],
						"1.25": {
							"vector": [0, 0, 25]
						},
						"1.2917": [0, 0, 22.00505],
						"1.3333": [0, 0, 13.07821],
						"1.4167": [0, 0, -13.07821],
						"1.4583": [0, 0, -22.00505],
						"1.5": {
							"vector": [0, 0, -25]
						},
						"1.5417": [0, 0, -22.00505],
						"1.5833": [0, 0, -13.07821],
						"1.6667": [0, 0, 13.07821],
						"1.7083": [0, 0, 22.00505],
						"1.75": {
							"vector": [0, 0, 25]
						},
						"1.7917": [0, 0, 22.00505],
						"1.8333": [0, 0, 13.07821],
						"1.9167": [0, 0, -13.07821],
						"1.9583": [0, 0, -22.00505],
						"2.0": {
							"vector": [0, 0, -25]
						},
						"2.0417": [0, 0, -22.00505],
						"2.0833": [0, 0, -13.07821],
						"2.1667": [0, 0, 13.07821],
						"2.2083": [0, 0, 22.00505],
						"2.25": {
							"vector": [0, 0, 25]
						},
						"2.2917": [0, 0, 22.00505],
						"2.3333": [0, 0, 13.07821],
						"2.4167": [0, 0, -13.07821],
						"2.4583": [0, 0, -22.00505],
						"2.5": {
							"vector": [0, 0, -25]
						}
					}
				},